procode,name,OLD LA Code,Suplied Codes,REGION,Commissioning Region Name,AREA TEAM,,address_1,address_2,address_3,affress_4,address_5,postcode,open_date,close_date
R1A,WORCESTERSHIRE HEALTH AND CARE NHS TRUST,,,Y55,MIDLANDS AND EAST OF ENGLAND COMMISSIONING REGION,Q53,"ARDEN, HEREFORDSHIRE AND WORCESTERSHIRE AREA TEAM",ISAAC MADDOX HOUSE,SHRUB HILL INDUSTRIAL ESTATE,,WORCESTER,WORCESTERSHIRE,WR4 9RW,,
R1C,SOLENT NHS TRUST,,,Y57,SOUTH OF ENGLAND COMMISSIONING REGION,Q70,WESSEX AREA TEAM,ADELAIDE HEALTH CENTRE,WESTERN COMMUNITY HOSPITAL,WILLIAM MACLEOD WAY,SOUTHAMPTON,HAMPSHIRE,SO16 4XE,,
R1D,SHROPSHIRE COMMUNITY HEALTH NHS TRUST,,,Y55,MIDLANDS AND EAST OF ENGLAND COMMISSIONING REGION,Q60,SHROPSHIRE AND STAFFORDSHIRE AREA TEAM,WILLIAM FARR HOUSE,MYTTON OAK ROAD,,,SHREWSBURY,,,
R1E,STAFFORDSHIRE AND STOKE ON TRENT PARTNERSHIP NHS TRUST,,,Y55,MIDLANDS AND EAST OF ENGLAND COMMISSIONING REGION,Q60,SHROPSHIRE AND STAFFORDSHIRE AREA TEAM,"2ND FLOOR, MORSTON HOUSE",,,NEWCASTLE-UNDER-LYME,STAFFORDSHIRE,ST5 1QG,,
R1F,ISLE OF WIGHT NHS TRUST,,,Y57,SOUTH OF ENGLAND COMMISSIONING REGION,Q70,WESSEX AREA TEAM,ST MARY'S HOSPITAL,PARKHURST ROAD,,NEWPORT,ISLE OF WIGHT,PO30 5TG,,
R1G,TORBAY AND SOUTHERN DEVON HEALTH AND CARE NHS TRUST,,,Y57,SOUTH OF ENGLAND COMMISSIONING REGION,Q66,"DEVON, CORNWALL AND ISLES OF SCILLY AREA TEAM","BAY HOUSE, UNIT 2",RIVIERA PARK,NICHOLSON ROAD,TORQUAY,DEVON,TQ2 7TD,,
R1H,BARTS HEALTH NHS TRUST,,,Y56,LONDON COMMISSIONING REGION,Q71,LONDON AREA TEAM,THE ROYAL LONDON HOSPITAL,WHITECHAPEL,,LONDON,GREATER LONDON,E1 1BB,,
R1J,THE GLOUCESTERSHIRE CARE SERVICES NATIONAL HEALTH SERVICE TRUST,,,Y57,SOUTH OF ENGLAND COMMISSIONING REGION,Q64,"BATH, GLOUCESTERSHIRE, SWINDON AND WILTSHIRE AREA TEAM",EDWARD JENNER COURT,1010 PIONEER AVENUE,"GLOUCESTER BUSINESS PK, BROCKWORTH",GLOUCESTER,GLOUCESTERSHIRE,GL3 4AW,,
RA2,ROYAL SURREY COUNTY HOSPITAL NHS FOUNDATION TRUST,,,Y57,SOUTH OF ENGLAND COMMISSIONING REGION,Q68,SURREY AND SUSSEX AREA TEAM,EGERTON ROAD,,,GUILDFORD,SURREY,GU2 7XX,,
RA3,WESTON AREA HEALTH NHS TRUST,,,Y57,SOUTH OF ENGLAND COMMISSIONING REGION,Q65,"BRISTOL, NORTH SOMERSET, SOMERSET AND SOUTH GLOUCESTERSHIRE AREA TEAM",WESTON GENERAL HOSPITAL,GRANGE ROAD,UPHILL,WESTON-SUPER-MARE,AVON,BS23 4TQ,,
RA4,YEOVIL DISTRICT HOSPITAL NHS FOUNDATION TRUST,,,Y57,SOUTH OF ENGLAND COMMISSIONING REGION,Q65,"BRISTOL, NORTH SOMERSET, SOMERSET AND SOUTH GLOUCESTERSHIRE AREA TEAM",YEOVIL DISTRICT HOSPITAL,HIGHER KINGSTON,,YEOVIL,SOMERSET,BA21 4AT,,
RA7,UNIVERSITY HOSPITALS BRISTOL NHS FOUNDATION TRUST,,,Y57,SOUTH OF ENGLAND COMMISSIONING REGION,Q65,"BRISTOL, NORTH SOMERSET, SOMERSET AND SOUTH GLOUCESTERSHIRE AREA TEAM",MARLBOROUGH STREET,,,BRISTOL,AVON,BS1 3NU,,
RA9,SOUTH DEVON HEALTHCARE NHS FOUNDATION TRUST,,,Y57,SOUTH OF ENGLAND COMMISSIONING REGION,Q66,"DEVON, CORNWALL AND ISLES OF SCILLY AREA TEAM",HENGRAVE HOUSE,TORBAY HOSPITAL,NEWTON ROAD,TORQUAY,DEVON,TQ2 7AA,,
RAE,BRADFORD TEACHING HOSPITALS NHS FOUNDATION TRUST,,,Y54,NORTH OF ENGLAND COMMISSIONING REGION,Q52,WEST YORKSHIRE AREA TEAM,BRADFORD ROYAL INFIRMARY,DUCKWORTH LANE,,BRADFORD,WEST YORKSHIRE,BD9 6RJ,,
RAJ,SOUTHEND UNIVERSITY HOSPITAL NHS FOUNDATION TRUST,,,Y55,MIDLANDS AND EAST OF ENGLAND COMMISSIONING REGION,Q57,ESSEX AREA TEAM,PRITTLEWELL CHASE,,,WESTCLIFF ON SEA,ESSEX,SS0 0RY,,
RAL,ROYAL FREE LONDON NHS FOUNDATION TRUST,,,Y56,LONDON COMMISSIONING REGION,Q71,LONDON AREA TEAM,ROYAL FREE HOSPITAL,POND STREET,,LONDON,GREATER LONDON,NW3 2QG,,
RAN,ROYAL NATIONAL ORTHOPAEDIC HOSPITAL NHS TRUST,,,Y56,LONDON COMMISSIONING REGION,Q71,LONDON AREA TEAM,BROCKLEY HILL,,,STANMORE,MIDDLESEX,HA7 4LP,,
RAP,NORTH MIDDLESEX UNIVERSITY HOSPITAL NHS TRUST,,,Y56,LONDON COMMISSIONING REGION,Q71,LONDON AREA TEAM,STERLING WAY,,,LONDON,GREATER LONDON,N18 1QX,,
RAS,THE HILLINGDON HOSPITALS NHS FOUNDATION TRUST,,,Y56,LONDON COMMISSIONING REGION,Q71,LONDON AREA TEAM,PIELD HEATH ROAD,,,UXBRIDGE,MIDDLESEX,UB8 3NN,,
RAT,NORTH EAST LONDON NHS FOUNDATION TRUST,,,Y56,LONDON COMMISSIONING REGION,Q71,LONDON AREA TEAM,TANTALLON HOUSE,GOODMAYES HOSPITAL SITE,BARLEY LANE,ILFORD,ESSEX,IG3 8XJ,,
RAX,KINGSTON HOSPITAL NHS FOUNDATION TRUST,,,Y56,LONDON COMMISSIONING REGION,Q71,LONDON AREA TEAM,GALSWORTHY ROAD,,,KINGSTON UPON THAMES,SURREY,KT2 7QB,,
RBA,TAUNTON AND SOMERSET NHS FOUNDATION TRUST,,,Y57,SOUTH OF ENGLAND COMMISSIONING REGION,Q65,"BRISTOL, NORTH SOMERSET, SOMERSET AND SOUTH GLOUCESTERSHIRE AREA TEAM",MUSGROVE PARK HOSPITAL,,,TAUNTON,SOMERSET,TA1 5DA,,
RBB,ROYAL NATIONAL HOSPITAL FOR RHEUMATIC DISEASES NHS FOUNDATION TRUST,,,Y57,SOUTH OF ENGLAND COMMISSIONING REGION,Q64,"BATH, GLOUCESTERSHIRE, SWINDON AND WILTSHIRE AREA TEAM",UPPER BOROUGH WALLS,,,BATH,AVON,BA1 1RL,,
RBD,DORSET COUNTY HOSPITAL NHS FOUNDATION TRUST,,,Y57,SOUTH OF ENGLAND COMMISSIONING REGION,Q70,WESSEX AREA TEAM,DORSET COUNTY HOSPITAL,WILLIAMS AVENUE,,DORCHESTER,DORSET,DT1 2JY,,
RBK,WALSALL HEALTHCARE NHS TRUST,,,Y55,MIDLANDS AND EAST OF ENGLAND COMMISSIONING REGION,Q54,BIRMINGHAM AND THE BLACK COUNTRY AREA TEAM,MANOR HOSPITAL,MOAT ROAD,,WALSALL,WEST MIDLANDS,WS2 9PS,,
RBL,WIRRAL UNIVERSITY TEACHING HOSPITAL NHS FOUNDATION TRUST,,,Y54,NORTH OF ENGLAND COMMISSIONING REGION,Q44,"CHESHIRE, WARRINGTON AND WIRRAL AREA TEAM",ARROWE PARK HOSPITAL,ARROWE PARK ROAD,UPTON,WIRRAL,MERSEYSIDE,CH49 5PE,,
RBN,ST HELENS AND KNOWSLEY HOSPITALS NHS TRUST,,,Y54,NORTH OF ENGLAND COMMISSIONING REGION,Q48,MERSEYSIDE AREA TEAM,WHISTON HOSPITAL,WARRINGTON ROAD,,PRESCOT,MERSEYSIDE,L35 5DR,,
RBQ,LIVERPOOL HEART AND CHEST HOSPITAL NHS FOUNDATION TRUST,,,Y54,NORTH OF ENGLAND COMMISSIONING REGION,Q48,MERSEYSIDE AREA TEAM,THOMAS DRIVE,,,LIVERPOOL,MERSEYSIDE,L14 3PE,,
RBS,ALDER HEY CHILDREN'S NHS FOUNDATION TRUST,,,Y54,NORTH OF ENGLAND COMMISSIONING REGION,Q48,MERSEYSIDE AREA TEAM,ALDER HEY HOSPITAL,EATON ROAD,WEST DERBY,LIVERPOOL,MERSEYSIDE,L12 2AP,,
RBT,MID CHESHIRE HOSPITALS NHS FOUNDATION TRUST,,,Y54,NORTH OF ENGLAND COMMISSIONING REGION,Q44,"CHESHIRE, WARRINGTON AND WIRRAL AREA TEAM",LEIGHTON HOSPITAL,LEIGHTON,,CREWE,CHESHIRE,CW1 4QJ,,
RBV,THE CHRISTIE NHS FOUNDATION TRUST,,,Y54,NORTH OF ENGLAND COMMISSIONING REGION,Q46,GREATER MANCHESTER AREA TEAM,550 WILMSLOW ROAD,WITHINGTON,,MANCHESTER,GREATER MANCHESTER,M20 4BX,,
RBZ,NORTHERN DEVON HEALTHCARE NHS TRUST,,,Y57,SOUTH OF ENGLAND COMMISSIONING REGION,Q66,"DEVON, CORNWALL AND ISLES OF SCILLY AREA TEAM",NORTH DEVON DISTRICT HOSPITAL,RALEIGH PARK,,BARNSTAPLE,DEVON,EX31 4JB,,
RC1,BEDFORD HOSPITAL NHS TRUST,,,Y55,MIDLANDS AND EAST OF ENGLAND COMMISSIONING REGION,Q58,HERTFORDSHIRE AND THE SOUTH MIDLANDS AREA TEAM,SOUTH WING,KEMPSTON ROAD,,BEDFORD,BEDFORDSHIRE,MK42 9DJ,,
RC3,EALING HOSPITAL NHS TRUST,,,Y56,LONDON COMMISSIONING REGION,Q71,LONDON AREA TEAM,UXBRIDGE ROAD,,,SOUTHALL,MIDDLESEX,UB1 3HW,,
RC9,LUTON AND DUNSTABLE UNIVERSITY HOSPITAL NHS FOUNDATION TRUST,,,Y55,MIDLANDS AND EAST OF ENGLAND COMMISSIONING REGION,Q58,HERTFORDSHIRE AND THE SOUTH MIDLANDS AREA TEAM,LEWSEY ROAD,,,LUTON,BEDFORDSHIRE,LU4 0DZ,,
RCB,YORK TEACHING HOSPITAL NHS FOUNDATION TRUST,,,Y54,NORTH OF ENGLAND COMMISSIONING REGION,Q50,NORTH YORKSHIRE AND HUMBER AREA TEAM,YORK HOSPITAL,WIGGINTON ROAD,,YORK,NORTH YORKSHIRE,YO31 8HE,,
RCC,SCARBOROUGH AND NORTH EAST YORKSHIRE HEALTH CARE NHS TRUST,,,Y51,THE NORTH MIDLANDS AND EAST PROGRAMME FOR IT (NMEPFIT),Q32,YORKSHIRE AND THE HUMBER STRATEGIC HEALTH AUTHORITY,SCARBOROUGH GENERAL HOSPITAL,WOODLANDS DRIVE,,SCARBOROUGH,NORTH YORKSHIRE,YO12 6QL,,
RCD,HARROGATE AND DISTRICT NHS FOUNDATION TRUST,,,Y54,NORTH OF ENGLAND COMMISSIONING REGION,Q50,NORTH YORKSHIRE AND HUMBER AREA TEAM,STRAYSIDE WING,HARROGATE DISTRICT HOSPITAL,LANCASTER PARK ROAD,HARROGATE,NORTH YORKSHIRE,HG2 7SX,,
RCF,AIREDALE NHS FOUNDATION TRUST,,,Y54,NORTH OF ENGLAND COMMISSIONING REGION,Q52,WEST YORKSHIRE AREA TEAM,AIREDALE GENERAL HOSPITAL,SKIPTON ROAD,STEETON,KEIGHLEY,WEST YORKSHIRE,BD20 6TD,,
RCU,SHEFFIELD CHILDREN'S NHS FOUNDATION TRUST,,,Y54,NORTH OF ENGLAND COMMISSIONING REGION,Q51,SOUTH YORKSHIRE AND BASSETLAW AREA TEAM,WESTERN BANK,,,SHEFFIELD,SOUTH YORKSHIRE,S10 2TH,,
RCX,"THE QUEEN ELIZABETH HOSPITAL, KING'S LYNN, NHS FOUNDATION TRUST",,,Y55,MIDLANDS AND EAST OF ENGLAND COMMISSIONING REGION,Q56,EAST ANGLIA AREA TEAM,QUEEN ELIZABETH HOSPITAL,GAYTON ROAD,,KINGS LYNN,NORFOLK,PE30 4ET,,
RD1,ROYAL UNITED HOSPITAL BATH NHS TRUST,,,Y57,SOUTH OF ENGLAND COMMISSIONING REGION,Q64,"BATH, GLOUCESTERSHIRE, SWINDON AND WILTSHIRE AREA TEAM",COMBE PARK,,,BATH,AVON,BA1 3NG,,
RD3,POOLE HOSPITAL NHS FOUNDATION TRUST,,,Y57,SOUTH OF ENGLAND COMMISSIONING REGION,Q70,WESSEX AREA TEAM,LONGFLEET ROAD,,,POOLE,DORSET,BH15 2JB,,
RD7,HEATHERWOOD AND WEXHAM PARK HOSPITALS NHS FOUNDATION TRUST,,,Y57,SOUTH OF ENGLAND COMMISSIONING REGION,Q69,THAMES VALLEY AREA TEAM,WEXHAM PARK HOSPITAL,WEXHAM STREET,WEXHAM,SLOUGH,BERKSHIRE,SL2 4HL,20121101,
RD8,MILTON KEYNES HOSPITAL NHS FOUNDATION TRUST,,,Y55,MIDLANDS AND EAST OF ENGLAND COMMISSIONING REGION,Q58,HERTFORDSHIRE AND THE SOUTH MIDLANDS AREA TEAM,STANDING WAY,EAGLESTONE,,MILTON KEYNES,BUCKINGHAMSHIRE,MK6 5LD,,
RDD,BASILDON AND THURROCK UNIVERSITY HOSPITALS NHS FOUNDATION TRUST,,,Y55,MIDLANDS AND EAST OF ENGLAND COMMISSIONING REGION,Q57,ESSEX AREA TEAM,BASILDON HOSPITAL,,NETHERMAYNE,BASILDON,ESSEX,SS16 5NL,,
RDE,COLCHESTER HOSPITAL UNIVERSITY NHS FOUNDATION TRUST,,,Y55,MIDLANDS AND EAST OF ENGLAND COMMISSIONING REGION,Q57,ESSEX AREA TEAM,COLCHESTER DISTRICT GENERAL HO,TURNER ROAD,,COLCHESTER,ESSEX,CO4 5JL,,
RDR,SUSSEX COMMUNITY NHS TRUST,,,Y57,SOUTH OF ENGLAND COMMISSIONING REGION,Q68,SURREY AND SUSSEX AREA TEAM,BRIGHTON GENERAL HOSPITAL,ELM GROVE,,BRIGHTON,EAST SUSSEX,BN2 3EW,,
RDU,FRIMLEY PARK HOSPITAL NHS FOUNDATION TRUST,,,Y57,SOUTH OF ENGLAND COMMISSIONING REGION,Q68,SURREY AND SUSSEX AREA TEAM,PORTSMOUTH ROAD,,FRIMLEY,CAMBERLEY,SURREY,GU16 7UJ,,
RDY,DORSET HEALTHCARE UNIVERSITY NHS FOUNDATION TRUST,,,Y57,SOUTH OF ENGLAND COMMISSIONING REGION,Q70,WESSEX AREA TEAM,SENTINEL HOUSE,4-6 NUFFIELD ROAD,NUFFIELD INDUSTRIAL ESTATE,POOLE,DORSET,BH17 0RB,,
RDZ,THE ROYAL BOURNEMOUTH AND CHRISTCHURCH HOSPITALS NHS FOUNDATION TRUST,,,Y57,SOUTH OF ENGLAND COMMISSIONING REGION,Q70,WESSEX AREA TEAM,ROYAL BOURNEMOUTH GENERAL HOSPITAL,CASTLE LANE EAST,,BOURNEMOUTH,DORSET,BH7 7DW,,
RE9,SOUTH TYNESIDE NHS FOUNDATION TRUST,,,Y54,NORTH OF ENGLAND COMMISSIONING REGION,Q49,"CUMBRIA, NORTHUMBERLAND, TYNE AND WEAR AREA TEAM",SOUTH TYNESIDE DISTRICT HOSPITAL,HARTON LANE,,SOUTH SHIELDS,TYNE AND WEAR,NE34 0PL,,
REF,ROYAL CORNWALL HOSPITALS NHS TRUST,,,Y57,SOUTH OF ENGLAND COMMISSIONING REGION,Q66,"DEVON, CORNWALL AND ISLES OF SCILLY AREA TEAM",ROYAL CORNWALL HOSPITAL,,TRELISKE,TRURO,CORNWALL,TR1 3LJ,,
REM,AINTREE UNIVERSITY HOSPITAL NHS FOUNDATION TRUST,,,Y54,NORTH OF ENGLAND COMMISSIONING REGION,Q48,MERSEYSIDE AREA TEAM,UNIVERSITY HOSPITAL AINTREE,FAZAKERLEY HOSPITAL,LOWER LANE,LIVERPOOL,MERSEYSIDE,L9 7AL,,
REN,THE CLATTERBRIDGE CANCER CENTRE NHS FOUNDATION TRUST,,,Y54,NORTH OF ENGLAND COMMISSIONING REGION,Q44,"CHESHIRE, WARRINGTON AND WIRRAL AREA TEAM",CLATTERBRIDGE ROAD,,BEBINGTON,WIRRAL,MERSEYSIDE,CH63 4JY,,
REP,LIVERPOOL WOMEN'S NHS FOUNDATION TRUST,,,Y54,NORTH OF ENGLAND COMMISSIONING REGION,Q48,MERSEYSIDE AREA TEAM,LIVERPOOL WOMENS HOSPITAL,CROWN STREET,,LIVERPOOL,MERSEYSIDE,L8 7SS,,
RET,THE WALTON CENTRE NHS FOUNDATION TRUST,,,Y54,NORTH OF ENGLAND COMMISSIONING REGION,Q48,MERSEYSIDE AREA TEAM,LOWER LANE,,,LIVERPOOL,MERSEYSIDE,L9 7LJ,,
RF4,"BARKING, HAVERING AND REDBRIDGE UNIVERSITY HOSPITALS NHS TRUST",,,Y56,LONDON COMMISSIONING REGION,Q71,LONDON AREA TEAM,QUEENS HOSPITAL,ROM VALLEY WAY,,ROMFORD,ESSEX,RM7 0AG,,
RFF,BARNSLEY HOSPITAL NHS FOUNDATION TRUST,,,Y54,NORTH OF ENGLAND COMMISSIONING REGION,Q51,SOUTH YORKSHIRE AND BASSETLAW AREA TEAM,GAWBER ROAD,,,BARNSLEY,SOUTH YORKSHIRE,S75 2EP,,
RFR,THE ROTHERHAM NHS FOUNDATION TRUST,,,Y54,NORTH OF ENGLAND COMMISSIONING REGION,Q51,SOUTH YORKSHIRE AND BASSETLAW AREA TEAM,MOORGATE ROAD,,,ROTHERHAM,SOUTH YORKSHIRE,S60 2UD,,
RFS,CHESTERFIELD ROYAL HOSPITAL NHS FOUNDATION TRUST,,,Y55,MIDLANDS AND EAST OF ENGLAND COMMISSIONING REGION,Q55,DERBYSHIRE AND NOTTINGHAMSHIRE AREA TEAM,CALOW,,,CHESTERFIELD,DERBYSHIRE,S44 5BL,20120630,
RFW,WEST MIDDLESEX UNIVERSITY HOSPITAL NHS TRUST,,,Y56,LONDON COMMISSIONING REGION,Q71,LONDON AREA TEAM,TWICKENHAM ROAD,,,ISLEWORTH,MIDDLESEX,TW7 6AF,,
RGD,LEEDS AND YORK PARTNERSHIP NHS FOUNDATION TRUST,,,Y54,NORTH OF ENGLAND COMMISSIONING REGION,Q52,WEST YORKSHIRE AREA TEAM,TWENTY ONE FIFTY,THORPE PARK,,LEEDS,WEST YORKSHIRE,LS15 8ZB,,
RGM,PAPWORTH HOSPITAL NHS FOUNDATION TRUST,,,Y55,MIDLANDS AND EAST OF ENGLAND COMMISSIONING REGION,Q56,EAST ANGLIA AREA TEAM,PAPWORTH EVERARD,,,CAMBRIDGE,CAMBRIDGESHIRE,CB23 3RE,,
RGN,PETERBOROUGH AND STAMFORD HOSPITALS NHS FOUNDATION TRUST,,,Y55,MIDLANDS AND EAST OF ENGLAND COMMISSIONING REGION,Q56,EAST ANGLIA AREA TEAM,EDITH CAVELL HOSPITAL,BRETTON GATE,BRETTON,PETERBOROUGH,CAMBRIDGESHIRE,PE3 9GZ,,
RGP,JAMES PAGET UNIVERSITY HOSPITALS NHS FOUNDATION TRUST,,,Y55,MIDLANDS AND EAST OF ENGLAND COMMISSIONING REGION,Q56,EAST ANGLIA AREA TEAM,LOWESTOFT ROAD,,GORLESTON,GREAT YARMOUTH,NORFOLK,NR31 6LA,,
RGQ,IPSWICH HOSPITAL NHS TRUST,,,Y55,MIDLANDS AND EAST OF ENGLAND COMMISSIONING REGION,Q56,EAST ANGLIA AREA TEAM,HEATH ROAD,,,IPSWICH,SUFFOLK,IP4 5PD,,
RGR,WEST SUFFOLK NHS FOUNDATION TRUST,,,Y55,MIDLANDS AND EAST OF ENGLAND COMMISSIONING REGION,Q56,EAST ANGLIA AREA TEAM,HARDWICK LANE,,,BURY ST EDMUNDS,SUFFOLK,IP33 2QZ,,
RGT,CAMBRIDGE UNIVERSITY HOSPITALS NHS FOUNDATION TRUST,,,Y55,MIDLANDS AND EAST OF ENGLAND COMMISSIONING REGION,Q56,EAST ANGLIA AREA TEAM,ADDENBROOKES HOSPITAL,HILLS ROAD,,CAMBRIDGE,CAMBRIDGESHIRE,CB2 0QQ,,
RH5,SOMERSET PARTNERSHIP NHS FOUNDATION TRUST,,,Y57,SOUTH OF ENGLAND COMMISSIONING REGION,Q65,"BRISTOL, NORTH SOMERSET, SOMERSET AND SOUTH GLOUCESTERSHIRE AREA TEAM",2ND FLOOR,MALLARD COURT,"EXPRESS PARK, BRISTOL ROAD",BRIDGWATER,SOMERSET,TA6 4RN,,
RH8,ROYAL DEVON AND EXETER NHS FOUNDATION TRUST,,,Y57,SOUTH OF ENGLAND COMMISSIONING REGION,Q66,"DEVON, CORNWALL AND ISLES OF SCILLY AREA TEAM",ROYAL DEVON & EXETER HOSPITAL,BARRACK ROAD,,EXETER,DEVON,EX2 5DW,,
RHA,NOTTINGHAMSHIRE HEALTHCARE NHS TRUST,,,Y55,MIDLANDS AND EAST OF ENGLAND COMMISSIONING REGION,Q55,DERBYSHIRE AND NOTTINGHAMSHIRE AREA TEAM,"THE RESOURCE, TRUST HQ",DUNCAN MACMILLAN HOUSE,PORCHESTER ROAD,NOTTINGHAM,NOTTINGHAMSHIRE,NG3 6AA,,
RHM,UNIVERSITY HOSPITAL SOUTHAMPTON NHS FOUNDATION TRUST,,,Y57,SOUTH OF ENGLAND COMMISSIONING REGION,Q70,WESSEX AREA TEAM,MAILPOINT 18,SOUTHAMPTON GENERAL HOSPITAL,TREMONA ROAD,SOUTHAMPTON,HAMPSHIRE,SO16 6YD,,
RHQ,SHEFFIELD TEACHING HOSPITALS NHS FOUNDATION TRUST,,,Y54,NORTH OF ENGLAND COMMISSIONING REGION,Q51,SOUTH YORKSHIRE AND BASSETLAW AREA TEAM,NORTHERN GENERAL HOSPITAL,HERRIES ROAD,,SHEFFIELD,SOUTH YORKSHIRE,S5 7AU,,
RHU,PORTSMOUTH HOSPITALS NHS TRUST,,,Y57,SOUTH OF ENGLAND COMMISSIONING REGION,Q70,WESSEX AREA TEAM,DE LA COURT HOUSE,QUEEN ALEXANDRA HOSPITAL,SOUTHWICK HILL ROAD,PORTSMOUTH,HAMPSHIRE,PO6 3LY,,
RHW,ROYAL BERKSHIRE NHS FOUNDATION TRUST,,,Y57,SOUTH OF ENGLAND COMMISSIONING REGION,Q69,THAMES VALLEY AREA TEAM,ROYAL BERKSHIRE HOSPITAL,LONDON ROAD,,READING,BERKSHIRE,RG1 5AN,,
RHX,OXFORDSHIRE LEARNING DISABILITY NHS TRUST,,,Y52,THE SOUTHERN PROGRAMME FOR IT (SPFIT),Q38,SOUTH CENTRAL STRATEGIC HEALTH AUTHORITY,SLADE HOUSE,HORSPATH DRIFTWAY,HEADINGTON,OXFORD,OXFORDSHIRE,OX3 7JH,,
RJ1,GUY'S AND ST THOMAS' NHS FOUNDATION TRUST,,,Y56,LONDON COMMISSIONING REGION,Q71,LONDON AREA TEAM,TRUST OFFICES,GUY'S HOSPITAL,GREAT MAZE POND,LONDON,GREATER LONDON,SE1 9RT,,
RJ2,LEWISHAM HEALTHCARE NHS TRUST,,,Y56,LONDON COMMISSIONING REGION,Q71,LONDON AREA TEAM,UNIVERSITY HOSPITAL LEWISHAM,LEWISHAM HIGH STREET,,LONDON,GREATER LONDON,SE13 6LH,,
RJ6,CROYDON HEALTH SERVICES NHS TRUST,,,Y56,LONDON COMMISSIONING REGION,Q71,LONDON AREA TEAM,CROYDON UNIVERSITY HOSPITAL,LONDON ROAD,,THORNTON HEATH,SURREY,CR7 7YE,,
RJ7,ST GEORGE'S HEALTHCARE NHS TRUST,,,Y56,LONDON COMMISSIONING REGION,Q71,LONDON AREA TEAM,ST GEORGE'S HOSPITAL,BLACKSHAW ROAD,TOOTING,LONDON,GREATER LONDON,SW17 0QT,,
RJ8,CORNWALL PARTNERSHIP NHS FOUNDATION TRUST,,,Y57,SOUTH OF ENGLAND COMMISSIONING REGION,Q66,"DEVON, CORNWALL AND ISLES OF SCILLY AREA TEAM",PORTHPEAN ROAD,,,ST AUSTELL,CORNWALL,PL26 6AD,,
RJC,SOUTH WARWICKSHIRE NHS FOUNDATION TRUST,,,Y55,MIDLANDS AND EAST OF ENGLAND COMMISSIONING REGION,Q53,"ARDEN, HEREFORDSHIRE AND WORCESTERSHIRE AREA TEAM",WARWICK HOSPITAL,LAKIN ROAD,,WARWICK,WARWICKSHIRE,CV34 5BW,,
RJD,MID STAFFORDSHIRE NHS FOUNDATION TRUST,,,Y55,MIDLANDS AND EAST OF ENGLAND COMMISSIONING REGION,Q60,SHROPSHIRE AND STAFFORDSHIRE AREA TEAM,STAFFORD HOSPITAL,WESTON ROAD,,STAFFORD,STAFFORDSHIRE,ST16 3SA,,
RJE,UNIVERSITY HOSPITAL OF NORTH STAFFORDSHIRE NHS TRUST,,,Y55,MIDLANDS AND EAST OF ENGLAND COMMISSIONING REGION,Q60,SHROPSHIRE AND STAFFORDSHIRE AREA TEAM,NORTH STAFFORDSHIRE ROYAL INFIRMARY,PRINCES ROAD,,STOKE-ON-TRENT,STAFFORDSHIRE,ST4 7LN,,
RJF,BURTON HOSPITALS NHS FOUNDATION TRUST,,,Y55,MIDLANDS AND EAST OF ENGLAND COMMISSIONING REGION,Q60,SHROPSHIRE AND STAFFORDSHIRE AREA TEAM,QUEEN'S HOSPITAL,BELVEDERE ROAD,,BURTON-ON-TRENT,STAFFORDSHIRE,DE13 0RB,,
RJL,NORTHERN LINCOLNSHIRE AND GOOLE HOSPITALS NHS FOUNDATION TRUST,,,Y54,NORTH OF ENGLAND COMMISSIONING REGION,Q50,NORTH YORKSHIRE AND HUMBER AREA TEAM,DIANA PRINCESS OF WALES HOSPITAL,SCARTHO ROAD,,GRIMSBY,SOUTH HUMBERSIDE,DN33 2BA,,
RJN,EAST CHESHIRE NHS TRUST,,,Y54,NORTH OF ENGLAND COMMISSIONING REGION,Q44,"CHESHIRE, WARRINGTON AND WIRRAL AREA TEAM",MACCLESFIELD DISTRICT GEN HOSPITAL,VICTORIA ROAD,,MACCLESFIELD,CHESHIRE,SK10 3BL,,
RJR,COUNTESS OF CHESTER HOSPITAL NHS FOUNDATION TRUST,,,Y54,NORTH OF ENGLAND COMMISSIONING REGION,Q44,"CHESHIRE, WARRINGTON AND WIRRAL AREA TEAM",THE COUNTESS OF CHESTER HEALTH PARK,,,CHESTER,CHESHIRE,CH2 1UL,,
RJX,CALDERSTONES PARTNERSHIP NHS FOUNDATION TRUST,,,Y54,NORTH OF ENGLAND COMMISSIONING REGION,Q47,LANCASHIRE AREA TEAM,MITTON ROAD,,WHALLEY,CLITHEROE,LANCASHIRE,BB7 9PE,,
RJZ,KING'S COLLEGE HOSPITAL NHS FOUNDATION TRUST,,,Y56,LONDON COMMISSIONING REGION,Q71,LONDON AREA TEAM,DENMARK HILL,,,LONDON,GREATER LONDON,SE5 9RS,,
RK5,SHERWOOD FOREST HOSPITALS NHS FOUNDATION TRUST,,,Y55,MIDLANDS AND EAST OF ENGLAND COMMISSIONING REGION,Q55,DERBYSHIRE AND NOTTINGHAMSHIRE AREA TEAM,MANSFIELD ROAD,,,SUTTON-IN-ASHFIELD,NOTTINGHAMSHIRE,NG17 4JL,,
RK9,PLYMOUTH HOSPITALS NHS TRUST,,,Y57,SOUTH OF ENGLAND COMMISSIONING REGION,Q66,"DEVON, CORNWALL AND ISLES OF SCILLY AREA TEAM",DERRIFORD HOSPITAL,DERRIFORD ROAD,,PLYMOUTH,DEVON,PL6 8DH,,
RKB,UNIVERSITY HOSPITALS COVENTRY AND WARWICKSHIRE NHS TRUST,,,Y55,MIDLANDS AND EAST OF ENGLAND COMMISSIONING REGION,Q53,"ARDEN, HEREFORDSHIRE AND WORCESTERSHIRE AREA TEAM",WALSGRAVE GENERAL HOSPITAL,CLIFFORD BRIDGE ROAD,,COVENTRY,WEST MIDLANDS,CV2 2DX,,
RKE,THE WHITTINGTON HOSPITAL NHS TRUST,,,Y56,LONDON COMMISSIONING REGION,Q71,LONDON AREA TEAM,THE WHITTINGTON HOSPITAL,MAGDALA AVENUE,,LONDON,GREATER LONDON,N19 5NF,,
RKL,WEST LONDON MENTAL HEALTH NHS TRUST,,,Y56,LONDON COMMISSIONING REGION,Q71,LONDON AREA TEAM,TRUST HEADQUARTERS,ST BERNARDS HOSPITAL,UXBRIDGE ROAD,SOUTHALL,MIDDLESEX,UB1 3EU,,
RL1,THE ROBERT JONES AND AGNES HUNT ORTHOPAEDIC HOSPITAL NHS FOUNDATION TRUST,,,Y55,MIDLANDS AND EAST OF ENGLAND COMMISSIONING REGION,Q60,SHROPSHIRE AND STAFFORDSHIRE AREA TEAM,GOBOWEN,,,OSWESTRY,SHROPSHIRE,SY10 7AG,,
RL4,THE ROYAL WOLVERHAMPTON NHS TRUST,,,Y55,MIDLANDS AND EAST OF ENGLAND COMMISSIONING REGION,Q54,BIRMINGHAM AND THE BLACK COUNTRY AREA TEAM,NEW CROSS HOSPITAL,WOLVERHAMPTON ROAD,HEATH TOWN,WOLVERHAMPTON,WEST MIDLANDS,WV10 0QP,,
RLN,CITY HOSPITALS SUNDERLAND NHS FOUNDATION TRUST,,,Y54,NORTH OF ENGLAND COMMISSIONING REGION,Q49,"CUMBRIA, NORTHUMBERLAND, TYNE AND WEAR AREA TEAM",SUNDERLAND ROYAL HOSPITAL,KAYLL ROAD,,SUNDERLAND,TYNE AND WEAR,SR4 7TP,,
RLQ,WYE VALLEY NHS TRUST,,,Y55,MIDLANDS AND EAST OF ENGLAND COMMISSIONING REGION,Q53,"ARDEN, HEREFORDSHIRE AND WORCESTERSHIRE AREA TEAM",COUNTY HOSPITAL,UNION WALK,,HEREFORD,HEREFORDSHIRE,HR1 2ER,,
RLT,GEORGE ELIOT HOSPITAL NHS TRUST,,,Y55,MIDLANDS AND EAST OF ENGLAND COMMISSIONING REGION,Q53,"ARDEN, HEREFORDSHIRE AND WORCESTERSHIRE AREA TEAM",LEWES HOUSE,COLLEGE STREET,,NUNEATON,WARWICKSHIRE,CV10 7DJ,,
RLU,BIRMINGHAM WOMEN'S NHS FOUNDATION TRUST,,,Y55,MIDLANDS AND EAST OF ENGLAND COMMISSIONING REGION,Q54,BIRMINGHAM AND THE BLACK COUNTRY AREA TEAM,BIRMINGHAM WOMENS HOSPITAL,METCHLEY PARK ROAD,,BIRMINGHAM,WEST MIDLANDS,B15 2TG,,
RLY,NORTH STAFFORDSHIRE COMBINED HEALTHCARE NHS TRUST,,,Y55,MIDLANDS AND EAST OF ENGLAND COMMISSIONING REGION,Q60,SHROPSHIRE AND STAFFORDSHIRE AREA TEAM,BELLRINGER ROAD,TRENTHAM,,STOKE-ON-TRENT,STAFFORDSHIRE,ST4 8HH,,
RM1,NORFOLK AND NORWICH UNIVERSITY HOSPITALS NHS FOUNDATION TRUST,,,Y55,MIDLANDS AND EAST OF ENGLAND COMMISSIONING REGION,Q56,EAST ANGLIA AREA TEAM,COLNEY LANE,COLNEY,,NORWICH,NORFOLK,NR4 7UY,,
RM2,UNIVERSITY HOSPITAL OF SOUTH MANCHESTER NHS FOUNDATION TRUST,,,Y54,NORTH OF ENGLAND COMMISSIONING REGION,Q46,GREATER MANCHESTER AREA TEAM,WYTHENSHAWE HOSPITAL,SOUTHMOOR ROAD,WYTHENSHAWE,MANCHESTER,GREATER MANCHESTER,M23 9LT,,
RM3,SALFORD ROYAL NHS FOUNDATION TRUST,,,Y54,NORTH OF ENGLAND COMMISSIONING REGION,Q46,GREATER MANCHESTER AREA TEAM,SALFORD ROYAL,STOTT LANE,,SALFORD,GREATER MANCHESTER,M6 8HD,,
RMC,BOLTON NHS FOUNDATION TRUST,,,Y54,NORTH OF ENGLAND COMMISSIONING REGION,Q46,GREATER MANCHESTER AREA TEAM,THE ROYAL BOLTON HOSPITAL,MINERVA ROAD,FARNWORTH,BOLTON,LANCASHIRE,BL4 0JR,,
RMP,TAMESIDE HOSPITAL NHS FOUNDATION TRUST,,,Y54,NORTH OF ENGLAND COMMISSIONING REGION,Q46,GREATER MANCHESTER AREA TEAM,TAMESIDE GENERAL HOSPITAL,FOUNTAIN STREET,,ASHTON-UNDER-LYNE,LANCASHIRE,OL6 9RW,,
RMY,NORFOLK AND SUFFOLK NHS FOUNDATION TRUST,,,Y55,MIDLANDS AND EAST OF ENGLAND COMMISSIONING REGION,Q56,EAST ANGLIA AREA TEAM,HELLESDON HOSPITAL,DRAYTON HIGH ROAD,,NORWICH,NORFOLK,NR6 5BE,,
RN3,GREAT WESTERN HOSPITALS NHS FOUNDATION TRUST,,,Y57,SOUTH OF ENGLAND COMMISSIONING REGION,Q64,"BATH, GLOUCESTERSHIRE, SWINDON AND WILTSHIRE AREA TEAM",GREAT WESTERN HOSPITAL,MARLBOROUGH ROAD,,SWINDON,WILTSHIRE,SN3 6BB,,
RN5,HAMPSHIRE HOSPITALS NHS FOUNDATION TRUST,,,Y57,SOUTH OF ENGLAND COMMISSIONING REGION,Q70,WESSEX AREA TEAM,ALDERMASTON ROAD,,,BASINGSTOKE,HAMPSHIRE,RG24 9NA,,
RN7,DARTFORD AND GRAVESHAM NHS TRUST,,,Y57,SOUTH OF ENGLAND COMMISSIONING REGION,Q67,KENT AND MEDWAY AREA TEAM,DARENT VALLEY HOSPITAL,DARENTH WOOD ROAD,,DARTFORD,KENT,DA2 8DA,,
RNA,THE DUDLEY GROUP NHS FOUNDATION TRUST,,,Y55,MIDLANDS AND EAST OF ENGLAND COMMISSIONING REGION,Q54,BIRMINGHAM AND THE BLACK COUNTRY AREA TEAM,C BLOCK,RUSSELLS HALL HOSPITAL,PENSNETT ROAD,DUDLEY,WEST MIDLANDS,DY1 2HQ,,
RNK,TAVISTOCK AND PORTMAN NHS FOUNDATION TRUST,,,Y56,LONDON COMMISSIONING REGION,Q71,LONDON AREA TEAM,THE TAVISTOCK CENTRE,120 BELSIZE LANE,,LONDON,GREATER LONDON,NW3 5BA,,
RNL,NORTH CUMBRIA UNIVERSITY HOSPITALS NHS TRUST,,,Y54,NORTH OF ENGLAND COMMISSIONING REGION,Q49,"CUMBRIA, NORTHUMBERLAND, TYNE AND WEAR AREA TEAM",WEST CUMBERLAND HOSPITAL,HENSINGHAM,,WHITEHAVEN,CUMBRIA,CA28 8JG,,
RNN,CUMBRIA PARTNERSHIP NHS FOUNDATION TRUST,,,Y54,NORTH OF ENGLAND COMMISSIONING REGION,Q49,"CUMBRIA, NORTHUMBERLAND, TYNE AND WEAR AREA TEAM",CARLETON CLINIC,CUMWHINTON ROAD,,CARLISLE,CUMBRIA,CA1 3SX,,
RNQ,KETTERING GENERAL HOSPITAL NHS FOUNDATION TRUST,,,Y55,MIDLANDS AND EAST OF ENGLAND COMMISSIONING REGION,Q58,HERTFORDSHIRE AND THE SOUTH MIDLANDS AREA TEAM,ROTHWELL ROAD,,,KETTERING,NORTHAMPTONSHIRE,NN16 8UZ,,
RNS,NORTHAMPTON GENERAL HOSPITAL NHS TRUST,,,Y55,MIDLANDS AND EAST OF ENGLAND COMMISSIONING REGION,Q58,HERTFORDSHIRE AND THE SOUTH MIDLANDS AREA TEAM,CLIFTONVILLE,,,NORTHAMPTON,NORTHAMPTONSHIRE,NN1 5BD,,
RNU,OXFORD HEALTH NHS FOUNDATION TRUST,,,Y57,SOUTH OF ENGLAND COMMISSIONING REGION,Q69,THAMES VALLEY AREA TEAM,CORPORATE HEADQUARTERS,4000 JOHN SMITH DRIVE,OXFORD BUSINESS PARK SOUTH,OXFORD,OXFORDSHIRE,OX4 2GX,,
RNZ,SALISBURY NHS FOUNDATION TRUST,,,Y57,SOUTH OF ENGLAND COMMISSIONING REGION,Q64,"BATH, GLOUCESTERSHIRE, SWINDON AND WILTSHIRE AREA TEAM",SALISBURY DISTRICT HOSPITAL,ODSTOCK ROAD,,SALISBURY,WILTSHIRE,SP2 8BJ,,
RP1,NORTHAMPTONSHIRE HEALTHCARE NHS FOUNDATION TRUST,,,Y55,MIDLANDS AND EAST OF ENGLAND COMMISSIONING REGION,Q58,HERTFORDSHIRE AND THE SOUTH MIDLANDS AREA TEAM,SUDBOROUGH HOUSE,ST. MARYS HOSPITAL,77 LONDON ROAD,KETTERING,NORTHAMPTONSHIRE,NN15 7PW,,
RP4,GREAT ORMOND STREET HOSPITAL FOR CHILDREN NHS FOUNDATION TRUST,,,Y56,LONDON COMMISSIONING REGION,Q71,LONDON AREA TEAM,GREAT ORMOND STREET,,,LONDON,GREATER LONDON,WC1N 3JH,,
RP5,DONCASTER AND BASSETLAW HOSPITALS NHS FOUNDATION TRUST,,,Y54,NORTH OF ENGLAND COMMISSIONING REGION,Q51,SOUTH YORKSHIRE AND BASSETLAW AREA TEAM,DONCASTER ROYAL INFIRMARY,ARMTHORPE ROAD,,DONCASTER,SOUTH YORKSHIRE,DN2 5LT,,
RP6,MOORFIELDS EYE HOSPITAL NHS FOUNDATION TRUST,,,Y56,LONDON COMMISSIONING REGION,Q71,LONDON AREA TEAM,162 CITY ROAD,,,LONDON,GREATER LONDON,EC1V 2PD,,
RP7,LINCOLNSHIRE PARTNERSHIP NHS FOUNDATION TRUST,,,Y55,MIDLANDS AND EAST OF ENGLAND COMMISSIONING REGION,Q59,LEICESTERSHIRE AND LINCOLNSHIRE AREA TEAM,UNIT'S 8 & 9,THE POINT,LIONS WAY,SLEAFORD,LINCOLNSHIRE,NG34 8GG,,
RPA,MEDWAY NHS FOUNDATION TRUST,,,Y57,SOUTH OF ENGLAND COMMISSIONING REGION,Q67,KENT AND MEDWAY AREA TEAM,MEDWAY MARITIME HOSPITAL,WINDMILL ROAD,,GILLINGHAM,KENT,ME7 5NY,,
RPC,QUEEN VICTORIA HOSPITAL NHS FOUNDATION TRUST,,,Y57,SOUTH OF ENGLAND COMMISSIONING REGION,Q68,SURREY AND SUSSEX AREA TEAM,HOLTYE ROAD,,,EAST GRINSTEAD,WEST SUSSEX,RH19 3DZ,,
RPG,OXLEAS NHS FOUNDATION TRUST,,,Y56,LONDON COMMISSIONING REGION,Q71,LONDON AREA TEAM,PINEWOOD HOUSE,PINEWOOD PLACE,,DARTFORD,KENT,DA2 7WG,,
RPY,THE ROYAL MARSDEN NHS FOUNDATION TRUST,,,Y56,LONDON COMMISSIONING REGION,Q71,LONDON AREA TEAM,FULHAM ROAD,,,LONDON,GREATER LONDON,SW3 6JJ,,
RQ3,BIRMINGHAM CHILDREN'S HOSPITAL NHS FOUNDATION TRUST,,,Y55,MIDLANDS AND EAST OF ENGLAND COMMISSIONING REGION,Q54,BIRMINGHAM AND THE BLACK COUNTRY AREA TEAM,STEELHOUSE LANE,,,BIRMINGHAM,WEST MIDLANDS,B4 6NH,,
RQ6,ROYAL LIVERPOOL AND BROADGREEN UNIVERSITY HOSPITALS NHS TRUST,,,Y54,NORTH OF ENGLAND COMMISSIONING REGION,Q48,MERSEYSIDE AREA TEAM,ROYAL LIVERPOOL UNIVERSITY HOSPITAL,PRESCOT STREET,,LIVERPOOL,MERSEYSIDE,L7 8XP,,
RQ8,MID ESSEX HOSPITAL SERVICES NHS TRUST,,,Y55,MIDLANDS AND EAST OF ENGLAND COMMISSIONING REGION,Q57,ESSEX AREA TEAM,BROOMFIELD HOSPITAL,COURT ROAD,,CHELMSFORD,ESSEX,CM1 7ET,,
RQF,VELINDRE NHS TRUST,,,W00,HEALTH SOLUTIONS WALES,Q99,#N/A,CORPORATE HEADQUARTERS,"UNIT 2, CHARNWOOD COURT","PARC NANTGARW, NANTGARW",CARDIFF,SOUTH GLAMORGAN,CF15 7QW,,
RQM,CHELSEA AND WESTMINSTER HOSPITAL NHS FOUNDATION TRUST,,,Y56,LONDON COMMISSIONING REGION,Q71,LONDON AREA TEAM,CHELSEA & WESTMINSTER HOSPITAL,369 FULHAM ROAD,,LONDON,GREATER LONDON,SW10 9NH,,
RQQ,HINCHINGBROOKE HEALTH CARE NHS TRUST,,,Y55,MIDLANDS AND EAST OF ENGLAND COMMISSIONING REGION,Q56,EAST ANGLIA AREA TEAM,HINCHINGBROOKE HOSPITAL,,,HUNTINGDON,CAMBRIDGESHIRE,PE29 6NT,,
RQW,THE PRINCESS ALEXANDRA HOSPITAL NHS TRUST,,,Y55,MIDLANDS AND EAST OF ENGLAND COMMISSIONING REGION,Q57,ESSEX AREA TEAM,HAMSTEL ROAD,,,HARLOW,ESSEX,CM20 1QX,,
RQX,HOMERTON UNIVERSITY HOSPITAL NHS FOUNDATION TRUST,,,Y56,LONDON COMMISSIONING REGION,Q71,LONDON AREA TEAM,HOMERTON ROW,,,LONDON,GREATER LONDON,E9 6SR,,
RQY,SOUTH WEST LONDON AND ST GEORGE'S MENTAL HEALTH NHS TRUST,,,Y56,LONDON COMMISSIONING REGION,Q71,LONDON AREA TEAM,SPRINGFIELD HOSPITAL,61 GLENBURNIE ROAD,,LONDON,GREATER LONDON,SW17 7DJ,,
RR1,HEART OF ENGLAND NHS FOUNDATION TRUST,,,Y55,MIDLANDS AND EAST OF ENGLAND COMMISSIONING REGION,Q54,BIRMINGHAM AND THE BLACK COUNTRY AREA TEAM,BIRMINGHAM HEARTLANDS HOSPITAL,BORDESLEY GREEN EAST,,BIRMINGHAM,WEST MIDLANDS,B9 5ST,,
RR7,GATESHEAD HEALTH NHS FOUNDATION TRUST,,,Y54,NORTH OF ENGLAND COMMISSIONING REGION,Q49,"CUMBRIA, NORTHUMBERLAND, TYNE AND WEAR AREA TEAM",QUEEN ELIZABETH HOSPITAL,,,GATESHEAD,TYNE AND WEAR,NE9 6SX,,
RR8,LEEDS TEACHING HOSPITALS NHS TRUST,,,Y54,NORTH OF ENGLAND COMMISSIONING REGION,Q52,WEST YORKSHIRE AREA TEAM,ST. JAMES'S UNIVERSITY HOSPITAL,BECKETT STREET,,LEEDS,WEST YORKSHIRE,LS9 7TF,,
RRD,NORTH ESSEX PARTNERSHIP UNIVERSITY NHS FOUNDATION TRUST,,,Y55,MIDLANDS AND EAST OF ENGLAND COMMISSIONING REGION,Q57,ESSEX AREA TEAM,STAPLEFORD HOUSE,STAPLEFORD CLOSE,,CHELMSFORD,ESSEX,CM2 0QX,,
RRE,SOUTH STAFFORDSHIRE AND SHROPSHIRE HEALTHCARE NHS FOUNDATION TRUST,,,Y55,MIDLANDS AND EAST OF ENGLAND COMMISSIONING REGION,Q60,SHROPSHIRE AND STAFFORDSHIRE AREA TEAM,TRUST HEADQUARTERS,ST. GEORGES HOSPITAL,CORPORATION STREET,STAFFORD,STAFFORDSHIRE,ST16 3SR,,
RRF,"WRIGHTINGTON, WIGAN AND LEIGH NHS FOUNDATION TRUST",,,Y54,NORTH OF ENGLAND COMMISSIONING REGION,Q46,GREATER MANCHESTER AREA TEAM,THE ELMS,ROYAL ALBERT EDWARD INFIRMARY,WIGAN LANE,WIGAN,LANCASHIRE,WN1 2NN,,
RRJ,THE ROYAL ORTHOPAEDIC HOSPITAL NHS FOUNDATION TRUST,,,Y55,MIDLANDS AND EAST OF ENGLAND COMMISSIONING REGION,Q54,BIRMINGHAM AND THE BLACK COUNTRY AREA TEAM,THE WOODLANDS,BRISTOL ROAD SOUTH,NORTHFIELD,BIRMINGHAM,WEST MIDLANDS,B31 2AP,,
RRK,UNIVERSITY HOSPITALS BIRMINGHAM NHS FOUNDATION TRUST,,,Y55,MIDLANDS AND EAST OF ENGLAND COMMISSIONING REGION,Q54,BIRMINGHAM AND THE BLACK COUNTRY AREA TEAM,"TRUST HQ, PO BOX 9551",QUEEN ELIZABETH MEDICAL CENTRE,EDGBASTON,BIRMINGHAM,WEST MIDLANDS,B15 2TH,,
RRP,"BARNET, ENFIELD AND HARINGEY MENTAL HEALTH NHS TRUST",,,Y56,LONDON COMMISSIONING REGION,Q71,LONDON AREA TEAM,TRUST HEADQUARTERS BLOCK B2,ST ANN'S HOSPITAL,ST ANN'S ROAD,LONDON,GREATER LONDON,N15 3TH,,
RRU,LONDON AMBULANCE SERVICE NHS TRUST,,,Y56,LONDON COMMISSIONING REGION,Q71,LONDON AREA TEAM,220 WATERLOO ROAD,,,LONDON,GREATER LONDON,SE1 8SD,,
RRV,UNIVERSITY COLLEGE LONDON HOSPITALS NHS FOUNDATION TRUST,,,Y56,LONDON COMMISSIONING REGION,Q71,LONDON AREA TEAM,250 EUSTON ROAD,,,LONDON,GREATER LONDON,NW1 2PG,,
RT1,CAMBRIDGESHIRE AND PETERBOROUGH NHS FOUNDATION TRUST,,,Y55,MIDLANDS AND EAST OF ENGLAND COMMISSIONING REGION,Q56,EAST ANGLIA AREA TEAM,"ELIZABETH HOUSE, FULBOURN HOSPITAL",CAMBRIDGE ROAD,FULBOURN,CAMBRIDGE,CAMBRIDGESHIRE,CB21 5EF,,
RT2,PENNINE CARE NHS FOUNDATION TRUST,,,Y54,NORTH OF ENGLAND COMMISSIONING REGION,Q46,GREATER MANCHESTER AREA TEAM,225 OLD STREET,,,ASHTON-UNDER-LYNE,LANCASHIRE,OL6 7SR,,
RT3,ROYAL BROMPTON & HAREFIELD NHS FOUNDATION TRUST,,,Y56,LONDON COMMISSIONING REGION,Q71,LONDON AREA TEAM,ROYAL BROMPTON HOSPITAL,SYDNEY STREET,,LONDON,GREATER LONDON,SW3 6NP,,
RT4,WELSH AMBULANCE SERVICES NHS TRUST,,,W00,HEALTH SOLUTIONS WALES,Q99,#N/A,PO BOX 1064,HM STANLEY HOSPITAL,,ST ASAPH,CLWYD,LL17 0WA,,
RT5,LEICESTERSHIRE PARTNERSHIP NHS TRUST,,,Y55,MIDLANDS AND EAST OF ENGLAND COMMISSIONING REGION,Q59,LEICESTERSHIRE AND LINCOLNSHIRE AREA TEAM,GEORGE HINE HOUSE,GIPSY LANE,HUMBERSTONE,LEICESTER,LEICESTERSHIRE,LE5 0TD,,
RTD,THE NEWCASTLE UPON TYNE HOSPITALS NHS FOUNDATION TRUST,,,Y54,NORTH OF ENGLAND COMMISSIONING REGION,Q49,"CUMBRIA, NORTHUMBERLAND, TYNE AND WEAR AREA TEAM",FREEMAN HOSPITAL,FREEMAN ROAD,HIGH HEATON,NEWCASTLE-UPON-TYNE,TYNE AND WEAR,NE7 7DN,,
RTE,GLOUCESTERSHIRE HOSPITALS NHS FOUNDATION TRUST,,,Y57,SOUTH OF ENGLAND COMMISSIONING REGION,Q64,"BATH, GLOUCESTERSHIRE, SWINDON AND WILTSHIRE AREA TEAM",TRUST HQ,1 COLLEGE LAWN,,CHELTENHAM,GLOUCESTERSHIRE,GL53 7AG,,
RTF,NORTHUMBRIA HEALTHCARE NHS FOUNDATION TRUST,,,Y54,NORTH OF ENGLAND COMMISSIONING REGION,Q49,"CUMBRIA, NORTHUMBERLAND, TYNE AND WEAR AREA TEAM",RAKE LANE,,,NORTH SHIELDS,TYNE AND WEAR,NE29 8NH,,
RTG,DERBY HOSPITALS NHS FOUNDATION TRUST,,,Y55,MIDLANDS AND EAST OF ENGLAND COMMISSIONING REGION,Q55,DERBYSHIRE AND NOTTINGHAMSHIRE AREA TEAM,ROYAL DERBY HOSPITAL,UTTOXETER ROAD,,DERBY,DERBYSHIRE,DE22 3NE,,
RTH,OXFORD UNIVERSITY HOSPITALS NHS TRUST,,,Y57,SOUTH OF ENGLAND COMMISSIONING REGION,Q69,THAMES VALLEY AREA TEAM,JOHN RADCLIFFE HOSPITAL,HEADLEY WAY,HEADINGTON,OXFORD,OXFORDSHIRE,OX3 9DU,,
RTK,ASHFORD AND ST. PETER'S HOSPITALS NHS FOUNDATION TRUST,,,Y57,SOUTH OF ENGLAND COMMISSIONING REGION,Q68,SURREY AND SUSSEX AREA TEAM,ST PETERS HOSPITAL,GUILDFORD ROAD,,CHERTSEY,SURREY,KT16 0PZ,,
RTP,SURREY AND SUSSEX HEALTHCARE NHS TRUST,,,Y57,SOUTH OF ENGLAND COMMISSIONING REGION,Q68,SURREY AND SUSSEX AREA TEAM,EAST SURREY HOSPITAL,CANADA AVENUE,,REDHILL,SURREY,RH1 5RH,,
RTQ,2GETHER NHS FOUNDATION TRUST,,,Y57,SOUTH OF ENGLAND COMMISSIONING REGION,Q64,"BATH, GLOUCESTERSHIRE, SWINDON AND WILTSHIRE AREA TEAM",RIKENEL,MONTPELLIER,,GLOUCESTER,GLOUCESTERSHIRE,GL1 1LY,,
RTR,SOUTH TEES HOSPITALS NHS FOUNDATION TRUST,,,Y54,NORTH OF ENGLAND COMMISSIONING REGION,Q45,"DURHAM, DARLINGTON AND TEES AREA TEAM",JAMES COOK UNIVERSITY HOSPITAL,MARTON ROAD,,MIDDLESBROUGH,CLEVELAND,TS4 3BW,,
RTV,5 BOROUGHS PARTNERSHIP NHS FOUNDATION TRUST,,,Y54,NORTH OF ENGLAND COMMISSIONING REGION,Q44,"CHESHIRE, WARRINGTON AND WIRRAL AREA TEAM",HOLLINS PARK HOSPITAL,HOLLINS LANE,WINWICK,WARRINGTON,CHESHIRE,WA2 8WA,,
RTX,UNIVERSITY HOSPITALS OF MORECAMBE BAY NHS FOUNDATION TRUST,,,Y54,NORTH OF ENGLAND COMMISSIONING REGION,Q49,"CUMBRIA, NORTHUMBERLAND, TYNE AND WEAR AREA TEAM",WESTMORLAND GENERAL HOSPITAL,BURTON ROAD,,KENDAL,CUMBRIA,LA9 7RG,,
RV3,CENTRAL AND NORTH WEST LONDON NHS FOUNDATION TRUST,,,Y56,LONDON COMMISSIONING REGION,Q71,LONDON AREA TEAM,GREATER LONDON HOUSE,HAMPSTEAD ROAD,,LONDON,GREATER LONDON,NW1 7QY,,
RV5,SOUTH LONDON AND MAUDSLEY NHS FOUNDATION TRUST,,,Y56,LONDON COMMISSIONING REGION,Q71,LONDON AREA TEAM,MAUDSLEY HOSPITAL,DENMARK HILL,,LONDON,GREATER LONDON,SE5 8AZ,,
RV8,NORTH WEST LONDON HOSPITALS NHS TRUST,,,Y56,LONDON COMMISSIONING REGION,Q71,LONDON AREA TEAM,NORTHWICK PARK HOSPITAL,WATFORD ROAD,,HARROW,MIDDLESEX,HA1 3UJ,,
RV9,HUMBER NHS FOUNDATION TRUST,,,Y54,NORTH OF ENGLAND COMMISSIONING REGION,Q50,NORTH YORKSHIRE AND HUMBER AREA TEAM,"TRUST HQ, WILLERBY HILL",BEVERLEY ROAD,WILLERBY,HULL,NORTH HUMBERSIDE,HU10 6ED,,
RVJ,NORTH BRISTOL NHS TRUST,,,Y57,SOUTH OF ENGLAND COMMISSIONING REGION,Q65,"BRISTOL, NORTH SOMERSET, SOMERSET AND SOUTH GLOUCESTERSHIRE AREA TEAM",FRENCHAY HOSPITAL,BECKSPOOL ROAD,FRENCHAY,BRISTOL,AVON,BS16 1JE,,
RVL,BARNET AND CHASE FARM HOSPITALS NHS TRUST,,,Y56,LONDON COMMISSIONING REGION,Q71,LONDON AREA TEAM,BARNET GENERAL HOSPITAL,WELLHOUSE LANE,,BARNET,HERTFORDSHIRE,EN5 3DJ,,
RVN,AVON AND WILTSHIRE MENTAL HEALTH PARTNERSHIP NHS TRUST,,,Y57,SOUTH OF ENGLAND COMMISSIONING REGION,Q64,"BATH, GLOUCESTERSHIRE, SWINDON AND WILTSHIRE AREA TEAM",JENNER HOUSE,"AVON WAY, LANGLEY PARK",,CHIPPENHAM,WILTSHIRE,SN15 1GG,,
RVR,EPSOM AND ST HELIER UNIVERSITY HOSPITALS NHS TRUST,,,Y56,LONDON COMMISSIONING REGION,Q71,LONDON AREA TEAM,ST HELIER HOSPITAL,WRYTHE LANE,,CARSHALTON,SURREY,SM5 1AA,,
RVV,EAST KENT HOSPITALS UNIVERSITY NHS FOUNDATION TRUST,,,Y57,SOUTH OF ENGLAND COMMISSIONING REGION,Q67,KENT AND MEDWAY AREA TEAM,KENT & CANTERBURY HOSPITAL,ETHELBERT ROAD,,CANTERBURY,KENT,CT1 3NG,,
RVW,NORTH TEES AND HARTLEPOOL NHS FOUNDATION TRUST,,,Y54,NORTH OF ENGLAND COMMISSIONING REGION,Q45,"DURHAM, DARLINGTON AND TEES AREA TEAM",UNIVERSITY HOSPITAL OF HARTLEPOOL,HOLDFORTH ROAD,,HARTLEPOOL,CLEVELAND,TS24 9AH,,
RVY,SOUTHPORT AND ORMSKIRK HOSPITAL NHS TRUST,,,Y54,NORTH OF ENGLAND COMMISSIONING REGION,Q48,MERSEYSIDE AREA TEAM,TOWN LANE,,,SOUTHPORT,MERSEYSIDE,PR8 6PN,,
RW1,SOUTHERN HEALTH NHS FOUNDATION TRUST,,,Y57,SOUTH OF ENGLAND COMMISSIONING REGION,Q70,WESSEX AREA TEAM,MAPLES BUILDINGS,TATCHBURY MOUNT HOSPITAL,CALMORE,SOUTHAMPTON,HAMPSHIRE,SO40 2RZ,,
RW3,CENTRAL MANCHESTER UNIVERSITY HOSPITALS NHS FOUNDATION TRUST,,,Y54,NORTH OF ENGLAND COMMISSIONING REGION,Q46,GREATER MANCHESTER AREA TEAM,"TRUST HEADQUARTERS, COBBETT HOUSE",MANCHESTER ROYAL INFIRMARY,OXFORD ROAD,MANCHESTER,GREATER MANCHESTER,M13 9WL,,
RW4,MERSEY CARE NHS TRUST,,,Y54,NORTH OF ENGLAND COMMISSIONING REGION,Q48,MERSEYSIDE AREA TEAM,8 PRINCES PARADE,,,LIVERPOOL,MERSEYSIDE,L3 1DL,,
RW5,LANCASHIRE CARE NHS FOUNDATION TRUST,,,Y54,NORTH OF ENGLAND COMMISSIONING REGION,Q47,LANCASHIRE AREA TEAM,SCEPTRE POINT,SCEPTRE WAY,BAMBER BRIDGE,PRESTON,LANCASHIRE,PR5 6AW,,
RW6,PENNINE ACUTE HOSPITALS NHS TRUST,,,Y54,NORTH OF ENGLAND COMMISSIONING REGION,Q46,GREATER MANCHESTER AREA TEAM,TRUST HEADQUARTERS,NORTH MANCHESTER GENERAL HOSPITAL,"DELAUNAYS ROAD, CRUMPSALL",MANCHESTER,GREATER MANCHESTER,M8 5RB,,
RWA,HULL AND EAST YORKSHIRE HOSPITALS NHS TRUST,,,Y54,NORTH OF ENGLAND COMMISSIONING REGION,Q50,NORTH YORKSHIRE AND HUMBER AREA TEAM,HULL ROYAL INFIRMARY,ANLABY ROAD,,HULL,NORTH HUMBERSIDE,HU3 2JZ,,
RWD,UNITED LINCOLNSHIRE HOSPITALS NHS TRUST,,,Y55,MIDLANDS AND EAST OF ENGLAND COMMISSIONING REGION,Q59,LEICESTERSHIRE AND LINCOLNSHIRE AREA TEAM,LINCOLN COUNTY HOSPITAL,GREETWELL ROAD,,LINCOLN,LINCOLNSHIRE,LN2 4AX,,
RWE,UNIVERSITY HOSPITALS OF LEICESTER NHS TRUST,,,Y55,MIDLANDS AND EAST OF ENGLAND COMMISSIONING REGION,Q59,LEICESTERSHIRE AND LINCOLNSHIRE AREA TEAM,GWENDOLEN HOUSE,GWENDOLEN ROAD,,LEICESTER,LEICESTERSHIRE,LE5 4QF,,
RWF,MAIDSTONE AND TUNBRIDGE WELLS NHS TRUST,,,Y57,SOUTH OF ENGLAND COMMISSIONING REGION,Q67,KENT AND MEDWAY AREA TEAM,MAIDSTONE HOSPITAL,HERMITAGE LANE,,MAIDSTONE,KENT,ME16 9QQ,,
RWG,WEST HERTFORDSHIRE HOSPITALS NHS TRUST,,,Y55,MIDLANDS AND EAST OF ENGLAND COMMISSIONING REGION,Q58,HERTFORDSHIRE AND THE SOUTH MIDLANDS AREA TEAM,TRUST OFFICES,WATFORD GENERAL HOSPITAL,VICARAGE ROAD,WATFORD,HERTFORDSHIRE,WD18 0HB,,
RWH,EAST AND NORTH HERTFORDSHIRE NHS TRUST,,,Y55,MIDLANDS AND EAST OF ENGLAND COMMISSIONING REGION,Q58,HERTFORDSHIRE AND THE SOUTH MIDLANDS AREA TEAM,LISTER HOSPITAL,COREYS MILL LANE,,STEVENAGE,HERTFORDSHIRE,SG1 4AB,,
RWJ,STOCKPORT NHS FOUNDATION TRUST,,,Y54,NORTH OF ENGLAND COMMISSIONING REGION,Q46,GREATER MANCHESTER AREA TEAM,STEPPING HILL HOSPITAL,POPLAR GROVE,,STOCKPORT,CHESHIRE,SK2 7JE,,
RWK,EAST LONDON NHS FOUNDATION TRUST,,,Y56,LONDON COMMISSIONING REGION,Q71,LONDON AREA TEAM,EASTONE,22 COMMERCIAL STREET,,LONDON,GREATER LONDON,E1 6LP,,
RWN,SOUTH ESSEX PARTNERSHIP UNIVERSITY NHS FOUNDATION TRUST,,,Y55,MIDLANDS AND EAST OF ENGLAND COMMISSIONING REGION,Q57,ESSEX AREA TEAM,"THE LODGE, RUNWELL HOSPITAL",RUNWELL CHASE,RUNWELL,WICKFORD,ESSEX,SS11 7XX,,
RWP,WORCESTERSHIRE ACUTE HOSPITALS NHS TRUST,,,Y55,MIDLANDS AND EAST OF ENGLAND COMMISSIONING REGION,Q53,"ARDEN, HEREFORDSHIRE AND WORCESTERSHIRE AREA TEAM",WORCESTERSHIRE ROYAL HOSPITAL,CHARLES HASTINGS WAY,,WORCESTER,WORCESTERSHIRE,WR5 1DD,,
RWR,HERTFORDSHIRE PARTNERSHIP UNIVERSITY NHS FOUNDATION TRUST,,,Y55,MIDLANDS AND EAST OF ENGLAND COMMISSIONING REGION,Q58,HERTFORDSHIRE AND THE SOUTH MIDLANDS AREA TEAM,99 WAVERLEY ROAD,,,ST. ALBANS,HERTFORDSHIRE,AL3 5TL,,
RWV,DEVON PARTNERSHIP NHS TRUST,,,Y57,SOUTH OF ENGLAND COMMISSIONING REGION,Q66,"DEVON, CORNWALL AND ISLES OF SCILLY AREA TEAM",WONFORD HOUSE HOSPITAL,DRYDEN ROAD,,EXETER,DEVON,EX2 5AF,,
RWW,WARRINGTON AND HALTON HOSPITALS NHS FOUNDATION TRUST,,,Y54,NORTH OF ENGLAND COMMISSIONING REGION,Q44,"CHESHIRE, WARRINGTON AND WIRRAL AREA TEAM",WARRINGTON HOSPITAL,LOVELY LANE,,WARRINGTON,CHESHIRE,WA5 1QG,,
RWX,BERKSHIRE HEALTHCARE NHS FOUNDATION TRUST,,,Y57,SOUTH OF ENGLAND COMMISSIONING REGION,Q69,THAMES VALLEY AREA TEAM,FITZWILLIAM HOUSE,SKIMPED HILL LANE,,BRACKNELL,BERKSHIRE,RG12 1LD,,
RWY,CALDERDALE AND HUDDERSFIELD NHS FOUNDATION TRUST,,,Y54,NORTH OF ENGLAND COMMISSIONING REGION,Q52,WEST YORKSHIRE AREA TEAM,ROYAL INFIRMARY,ACRE STREET,,HUDDERSFIELD,WEST YORKSHIRE,HD3 3EA,,
RX1,NOTTINGHAM UNIVERSITY HOSPITALS NHS TRUST,,,Y55,MIDLANDS AND EAST OF ENGLAND COMMISSIONING REGION,Q55,DERBYSHIRE AND NOTTINGHAMSHIRE AREA TEAM,TRUST HEADQUARTERS,QMC CAMPUS,DERBY ROAD,NOTTINGHAM,NOTTINGHAMSHIRE,NG7 2UH,,
RX2,SUSSEX PARTNERSHIP NHS FOUNDATION TRUST,,,Y57,SOUTH OF ENGLAND COMMISSIONING REGION,Q68,SURREY AND SUSSEX AREA TEAM,SWANDEAN,ARUNDEL ROAD,,WORTHING,WEST SUSSEX,BN13 3EP,,
RX3,"TEES, ESK AND WEAR VALLEYS NHS FOUNDATION TRUST",,,Y54,NORTH OF ENGLAND COMMISSIONING REGION,Q45,"DURHAM, DARLINGTON AND TEES AREA TEAM",TRUST HEADQUARTERS,WEST PARK HOSPITAL,EDWARD PEASE WAY,DARLINGTON,COUNTY DURHAM,DL2 2TS,20130201,
RX4,"NORTHUMBERLAND, TYNE AND WEAR NHS FOUNDATION TRUST",,,Y54,NORTH OF ENGLAND COMMISSIONING REGION,Q49,"CUMBRIA, NORTHUMBERLAND, TYNE AND WEAR AREA TEAM",ST. NICHOLAS HOSPITAL,JUBILEE ROAD,GOSFORTH,NEWCASTLE UPON TYNE,TYNE AND WEAR,NE3 3XT,,
RX5,GREAT WESTERN AMBULANCE SERVICE NHS TRUST,,,Y52,THE SOUTHERN PROGRAMME FOR IT (SPFIT),Q39,SOUTH WEST STRATEGIC HEALTH AUTHORITY,JENNER HOUSE,LANGLEY PARK ESTATE,,CHIPPENHAM,WILTSHIRE,SN15 1GG,,
RX6,NORTH EAST AMBULANCE SERVICE NHS FOUNDATION TRUST,,,Y54,NORTH OF ENGLAND COMMISSIONING REGION,Q49,"CUMBRIA, NORTHUMBERLAND, TYNE AND WEAR AREA TEAM",BENICIA HOUSE,GOLDCREST WAY,NEWBURN RIVERSIDE,NEWCASTLE UPON TYNE,TYNE AND WEAR,NE15 8NY,,
RX7,NORTH WEST AMBULANCE SERVICE NHS TRUST,,,Y54,NORTH OF ENGLAND COMMISSIONING REGION,Q46,GREATER MANCHESTER AREA TEAM,LADYBRIDGE HALL,399 CHORLEY NEW ROAD,,BOLTON,LANCASHIRE,BL1 5DD,,
RX8,YORKSHIRE AMBULANCE SERVICE NHS TRUST,,,Y54,NORTH OF ENGLAND COMMISSIONING REGION,Q52,WEST YORKSHIRE AREA TEAM,"SPRINGHILL 2,",WAKEFIELD 41 INDUSTRIAL ESTATE,BRINDLEY WAY,WAKEFIELD,WEST YORKSHIRE,WF2 0XQ,,
RX9,EAST MIDLANDS AMBULANCE SERVICE NHS TRUST,,,Y55,MIDLANDS AND EAST OF ENGLAND COMMISSIONING REGION,Q55,DERBYSHIRE AND NOTTINGHAMSHIRE AREA TEAM,1 HORIZON PLACE,MELLORS WAY,NOTTINGHAM BUSINESS PARK,NOTTINGHAM,NOTTINGHAMSHIRE,NG8 6PY,,
RXA,CHESHIRE AND WIRRAL PARTNERSHIP NHS FOUNDATION TRUST,,,Y54,NORTH OF ENGLAND COMMISSIONING REGION,Q44,"CHESHIRE, WARRINGTON AND WIRRAL AREA TEAM",TRUST BOARD OFFICES,UPTON LEA RESOURCE CENTRE,THE COUNTESS OF CHESTER HEALTH PARK,CHESTER,CHESHIRE,CH2 1BQ,,
RXC,EAST SUSSEX HEALTHCARE NHS TRUST,,,Y57,SOUTH OF ENGLAND COMMISSIONING REGION,Q68,SURREY AND SUSSEX AREA TEAM,ST. ANNES HOUSE,729 THE RIDGE,,ST. LEONARDS-ON-SEA,EAST SUSSEX,TN37 7PT,,
RXE,ROTHERHAM DONCASTER AND SOUTH HUMBER NHS FOUNDATION TRUST,,,Y54,NORTH OF ENGLAND COMMISSIONING REGION,Q51,SOUTH YORKSHIRE AND BASSETLAW AREA TEAM,ST. CATHERINE'S HOUSE,ST. CATHERINE'S HOSPITAL,TICKHILL ROAD,DONCASTER,SOUTH YORKSHIRE,DN4 8QN,,
RXF,MID YORKSHIRE HOSPITALS NHS TRUST,,,Y54,NORTH OF ENGLAND COMMISSIONING REGION,Q52,WEST YORKSHIRE AREA TEAM,ROWAN HOUSE,ABERFORD ROAD,,WAKEFIELD,WEST YORKSHIRE,WF1 4EE,,
RXG,SOUTH WEST YORKSHIRE PARTNERSHIP NHS FOUNDATION TRUST,,,Y54,NORTH OF ENGLAND COMMISSIONING REGION,Q52,WEST YORKSHIRE AREA TEAM,TRUST HEADQUARTERS,FIELDHEAD,OUCHTHORPE LANE,WAKEFIELD,WEST YORKSHIRE,WF1 3SP,,
RXH,BRIGHTON AND SUSSEX UNIVERSITY HOSPITALS NHS TRUST,,,Y57,SOUTH OF ENGLAND COMMISSIONING REGION,Q68,SURREY AND SUSSEX AREA TEAM,ROYAL SUSSEX COUNTY HOSPITAL,EASTERN ROAD,,BRIGHTON,EAST SUSSEX,BN2 5BE,,
RXK,SANDWELL AND WEST BIRMINGHAM HOSPITALS NHS TRUST,,,Y55,MIDLANDS AND EAST OF ENGLAND COMMISSIONING REGION,Q54,BIRMINGHAM AND THE BLACK COUNTRY AREA TEAM,CITY HOSPITAL,DUDLEY ROAD,,BIRMINGHAM,WEST MIDLANDS,B18 7QH,,
RXL,BLACKPOOL TEACHING HOSPITALS NHS FOUNDATION TRUST,,,Y54,NORTH OF ENGLAND COMMISSIONING REGION,Q47,LANCASHIRE AREA TEAM,VICTORIA HOSPITAL,WHINNEY HEYS ROAD,,BLACKPOOL,LANCASHIRE,FY3 8NR,,
RXM,DERBYSHIRE HEALTHCARE NHS FOUNDATION TRUST,,,Y55,MIDLANDS AND EAST OF ENGLAND COMMISSIONING REGION,Q55,DERBYSHIRE AND NOTTINGHAMSHIRE AREA TEAM,TRUST HEADQUARTERS,KINGSWAY HOSPITAL,KINGSWAY,DERBY,DERBYSHIRE,DE22 3LZ,,
RXN,LANCASHIRE TEACHING HOSPITALS NHS FOUNDATION TRUST,,,Y54,NORTH OF ENGLAND COMMISSIONING REGION,Q47,LANCASHIRE AREA TEAM,CHIEF EXECUTIVE'S OFFICE,ROYAL PRESTON HOSPITAL,"SHAROE GREEN LANE, FULWOOD",PRESTON,LANCASHIRE,PR2 9HT,,
RXP,COUNTY DURHAM AND DARLINGTON NHS FOUNDATION TRUST,,,Y54,NORTH OF ENGLAND COMMISSIONING REGION,Q45,"DURHAM, DARLINGTON AND TEES AREA TEAM",DARLINGTON MEMORIAL HOSPITAL,HOLLYHURST ROAD,,DARLINGTON,COUNTY DURHAM,DL3 6HX,,
RXQ,BUCKINGHAMSHIRE HEALTHCARE NHS TRUST,,,Y57,SOUTH OF ENGLAND COMMISSIONING REGION,Q69,THAMES VALLEY AREA TEAM,AMERSHAM HOSPITAL,WHIELDEN STREET,,AMERSHAM,BUCKINGHAMSHIRE,HP7 0JD,,
RXR,EAST LANCASHIRE HOSPITALS NHS TRUST,,,Y54,NORTH OF ENGLAND COMMISSIONING REGION,Q47,LANCASHIRE AREA TEAM,ROYAL BLACKBURN HOSPITAL,HASLINGDEN ROAD,,BLACKBURN,LANCASHIRE,BB2 3HH,,
RXT,BIRMINGHAM AND SOLIHULL MENTAL HEALTH NHS FOUNDATION TRUST,,,Y55,MIDLANDS AND EAST OF ENGLAND COMMISSIONING REGION,Q54,BIRMINGHAM AND THE BLACK COUNTRY AREA TEAM,UNIT 1,50 SUMMER HILL ROAD,,BIRMINGHAM,WEST MIDLANDS,B1 3RB,,
RXV,GREATER MANCHESTER WEST MENTAL HEALTH NHS FOUNDATION TRUST,,,Y54,NORTH OF ENGLAND COMMISSIONING REGION,Q46,GREATER MANCHESTER AREA TEAM,PRESTWICH HOSPITAL,BURY NEW ROAD,PRESTWICH,MANCHESTER,GREATER MANCHESTER,M25 3BL,,
RXW,SHREWSBURY AND TELFORD HOSPITAL NHS TRUST,,,Y55,MIDLANDS AND EAST OF ENGLAND COMMISSIONING REGION,Q60,SHROPSHIRE AND STAFFORDSHIRE AREA TEAM,MYTTON OAK ROAD,,,SHREWSBURY,SHROPSHIRE,SY3 8XQ,,
RXX,SURREY AND BORDERS PARTNERSHIP NHS FOUNDATION TRUST,,,Y57,SOUTH OF ENGLAND COMMISSIONING REGION,Q68,SURREY AND SUSSEX AREA TEAM,18 MOLE BUSINESS PARK,RANDALLS ROAD,,LEATHERHEAD,SURREY,KT22 7AD,,
RXY,KENT AND MEDWAY NHS AND SOCIAL CARE PARTNERSHIP TRUST,,,Y57,SOUTH OF ENGLAND COMMISSIONING REGION,Q67,KENT AND MEDWAY AREA TEAM,35 KINGS HILL AVENUE,KINGS HILL,,WEST MALLING,KENT,ME19 4AX,,
RY1,LIVERPOOL COMMUNITY HEALTH NHS TRUST,,,Y54,NORTH OF ENGLAND COMMISSIONING REGION,Q48,MERSEYSIDE AREA TEAM,2 ENTERPRISE WAY,,,LIVERPOOL,MERSEYSIDE,L13 1FB,,
RY2,BRIDGEWATER COMMUNITY HEALTHCARE NHS TRUST,,,Y54,NORTH OF ENGLAND COMMISSIONING REGION,Q46,GREATER MANCHESTER AREA TEAM,BEVAN HOUSE,17 BEECHAM COURT,,WIGAN,LANCASHIRE,WN3 6PR,,
RY3,NORFOLK COMMUNITY HEALTH AND CARE NHS TRUST,,,Y55,MIDLANDS AND EAST OF ENGLAND COMMISSIONING REGION,Q56,EAST ANGLIA AREA TEAM,ELLIOT HOUSE,130 BER STREET,,NORWICH,NORFOLK,NR1 3FR,,
RY4,HERTFORDSHIRE COMMUNITY NHS TRUST,,,Y55,MIDLANDS AND EAST OF ENGLAND COMMISSIONING REGION,Q58,HERTFORDSHIRE AND THE SOUTH MIDLANDS AREA TEAM,14 TEWIN ROAD,,,WELWYN GARDEN CITY,HERTFORDSHIRE,AL7 1BW,,
RY5,LINCOLNSHIRE COMMUNITY HEALTH SERVICES NHS TRUST,,,Y55,MIDLANDS AND EAST OF ENGLAND COMMISSIONING REGION,Q59,LEICESTERSHIRE AND LINCOLNSHIRE AREA TEAM,BRIDGE HOUSE,UNIT 16,"THE POINT, LIONS WAY",SLEAFORD,LINCOLNSHIRE,NG34 8GG,,
RY6,LEEDS COMMUNITY HEALTHCARE NHS TRUST,,,Y54,NORTH OF ENGLAND COMMISSIONING REGION,Q52,WEST YORKSHIRE AREA TEAM,STOCKDALE HOUSE,8 VICTORIA ROAD,,LEEDS,WEST YORKSHIRE,LS6 1PF,,
RY7,WIRRAL COMMUNITY NHS TRUST,,,Y54,NORTH OF ENGLAND COMMISSIONING REGION,Q44,"CHESHIRE, WARRINGTON AND WIRRAL AREA TEAM",OLD MARKET HOUSE,HAMILTON STREET,,BIRKENHEAD,MERSEYSIDE,CH41 5AL,,
RY8,DERBYSHIRE COMMUNITY HEALTH SERVICES NHS TRUST,,,Y55,MIDLANDS AND EAST OF ENGLAND COMMISSIONING REGION,Q55,DERBYSHIRE AND NOTTINGHAMSHIRE AREA TEAM,NEWHOLME HOSPITAL,BASLOW ROAD,,BAKEWELL,DERBYSHIRE,DE45 1AD,,
RY9,HOUNSLOW AND RICHMOND COMMUNITY HEALTHCARE NHS TRUST,,,Y56,LONDON COMMISSIONING REGION,Q71,LONDON AREA TEAM,THAMES HOUSE,180 - 194 HIGH STREET,,TEDDINGTON,MIDDLESEX,TW11 8HU,,
RYA,WEST MIDLANDS AMBULANCE SERVICE NHS FOUNDATION TRUST,,,Y55,MIDLANDS AND EAST OF ENGLAND COMMISSIONING REGION,Q54,BIRMINGHAM AND THE BLACK COUNTRY AREA TEAM,WATERFRONT BUSINESS PARK,WATERFRONT WAY,,BRIERLEY HILL,WEST MIDLANDS,DY5 1LX,,
RYC,EAST OF ENGLAND AMBULANCE SERVICE NHS TRUST,,,Y55,MIDLANDS AND EAST OF ENGLAND COMMISSIONING REGION,Q56,EAST ANGLIA AREA TEAM,AMBULANCE STATION,HOSPITAL LANE,HELLESDON,NORWICH,NORFOLK,NR6 5NA,,
RYD,SOUTH EAST COAST AMBULANCE SERVICE NHS FOUNDATION TRUST,,,Y57,SOUTH OF ENGLAND COMMISSIONING REGION,Q68,SURREY AND SUSSEX AREA TEAM,40-42 FRIARS WALK,,,LEWES,EAST SUSSEX,BN7 2XW,,
RYE,SOUTH CENTRAL AMBULANCE SERVICE NHS FOUNDATION TRUST,,,Y57,SOUTH OF ENGLAND COMMISSIONING REGION,Q69,THAMES VALLEY AREA TEAM,44 FINCHAMPSTEAD ROAD,,,WOKINGHAM,BERKSHIRE,RG40 2NN,,
RYF,SOUTH WESTERN AMBULANCE SERVICE NHS FOUNDATION TRUST,,,Y57,SOUTH OF ENGLAND COMMISSIONING REGION,Q66,"DEVON, CORNWALL AND ISLES OF SCILLY AREA TEAM",WESTCOUNTRY HOUSE,"ABBEY COURT, EAGLE WAY",SOWTON INDUSTRIAL ESTATE,EXETER,DEVON,EX2 7HY,,
RYG,COVENTRY AND WARWICKSHIRE PARTNERSHIP NHS TRUST,,,Y55,MIDLANDS AND EAST OF ENGLAND COMMISSIONING REGION,Q53,"ARDEN, HEREFORDSHIRE AND WORCESTERSHIRE AREA TEAM",WAYSIDE HOUSE,WILSONS LANE,,COVENTRY,WEST MIDLANDS,CV6 6NY,,
RYH,NHS DIRECT NHS TRUST,,,Y56,LONDON COMMISSIONING REGION,Q71,LONDON AREA TEAM,120 LEMAN STREET,,,LONDON,GREATER LONDON,E1 8EU,,
RYJ,IMPERIAL COLLEGE HEALTHCARE NHS TRUST,,,Y56,LONDON COMMISSIONING REGION,Q71,LONDON AREA TEAM,ST. MARYS HOSPITAL,PRAED STREET,,LONDON,GREATER LONDON,W2 1NY,,
RYK,DUDLEY AND WALSALL MENTAL HEALTH PARTNERSHIP NHS TRUST,,,Y55,MIDLANDS AND EAST OF ENGLAND COMMISSIONING REGION,Q54,BIRMINGHAM AND THE BLACK COUNTRY AREA TEAM,TRAFALGAR HOUSE,47-49 KING STREET,,DUDLEY,WEST MIDLANDS,DY2 8PS,,
RYQ,SOUTH LONDON HEALTHCARE NHS TRUST,,,Y56,LONDON COMMISSIONING REGION,Q71,LONDON AREA TEAM,QUEEN MARY'S HOSPITAL,FROGNAL AVENUE,,SIDCUP,KENT,DA14 6LT,,
RYR,WESTERN SUSSEX HOSPITALS NHS FOUNDATION TRUST,,,Y57,SOUTH OF ENGLAND COMMISSIONING REGION,Q68,SURREY AND SUSSEX AREA TEAM,WORTHING HOSPITAL,LYNDHURST ROAD,,WORTHING,WEST SUSSEX,BN11 2DH,,
RYT,PUBLIC HEALTH WALES NHS TRUST,,,W00,HEALTH SOLUTIONS WALES,Q99,#N/A,14 CATHEDRAL ROAD,,,CARDIFF,SOUTH GLAMORGAN,CF11 9LJ,,
RYV,CAMBRIDGESHIRE COMMUNITY SERVICES NHS TRUST,,,Y55,MIDLANDS AND EAST OF ENGLAND COMMISSIONING REGION,Q56,EAST ANGLIA AREA TEAM,THE PRIORY,PRIORY ROAD,,ST. IVES,CAMBRIDGESHIRE,PE27 5BB,,
RYW,BIRMINGHAM COMMUNITY HEALTHCARE NHS TRUST,,,Y55,MIDLANDS AND EAST OF ENGLAND COMMISSIONING REGION,Q54,BIRMINGHAM AND THE BLACK COUNTRY AREA TEAM,"3, PRIESTLEY WHARF","HOLT STREET,","BIRMINGHAM SCIENCE PARK, ASTON",BIRMINGHAM,WEST MIDLANDS,B7 4BN,,
RYX,CENTRAL LONDON COMMUNITY HEALTHCARE NHS TRUST,,,Y56,LONDON COMMISSIONING REGION,Q71,LONDON AREA TEAM,7TH FLOOR,64 VICTORIA STREET,,LONDON,GREATER LONDON,SW1E 6QP,,
RYY,KENT COMMUNITY HEALTH NHS TRUST,,,Y57,SOUTH OF ENGLAND COMMISSIONING REGION,Q67,KENT AND MEDWAY AREA TEAM,TRINITY HOUSE,110-120 UPPER PEMBERTON,EUREKA BUSINESS PARK,ASHFORD,KENT,TN25 4AZ,,
04X,BIRMINGHAM SOUTH CENTRAL CCG,,,ZZZ,MIDLANDS AND EAST OF ENGLAND COMMISSIONING REGION,ZZZ,,,,,,,,,
TAD,BRADFORD DISTRICT CARE TRUST,Y54,,Q52,NEW MILL,VICTORIA ROAD,SALTAIRE,SHIPLEY,WEST YORKSHIRE,BD18 3LA,,,,,
TAE,MANCHESTER MENTAL HEALTH AND SOCIAL CARE TRUST,Y54,,Q46,CHORLTON HOUSE,70 MANCHESTER ROAD,CHORLTON CUM HARDY,MANCHESTER,GREATER MANCHESTER,M21 9UN,,,,,
TAF,CAMDEN AND ISLINGTON NHS FOUNDATION TRUST,Y56,,Q71,ST. PANCRAS HOSPITAL,4 ST. PANCRAS WAY,,LONDON,GREATER LONDON,NW1 0PE,,,,,
TAH,SHEFFIELD HEALTH & SOCIAL CARE NHS FOUNDATION TRUST,Y54,,Q51,FULWOOD HOUSE,OLD FULWOOD ROAD,,SHEFFIELD,SOUTH YORKSHIRE,S10 3TH,,,,,
TAJ,BLACK COUNTRY PARTNERSHIP NHS FOUNDATION TRUST,Y55,,Q54,DELTA POINT,GREETS GREEN ROAD,,WEST BROMWICH,WEST MIDLANDS,B70 9PL,,,,,